name,color,address,phone_number,other_notes,document_id
Jubilee Children’s Centre,#aae3ff,"9 Tulse Hill, SW2 2JE",020 8678 6530,,Better%20Start%20BRIXTON_Tulse%20Hill%20Spring%202025
Loughborough Children’s Centre,#b5b1f5,"9 Minet Road, SW9 7UA",020 7274 8374,,Better%20Start%20BRIXTON_Tulse%20Hill%20Spring%202025
Brockwell Children's Centre (previously the One O’clock Club),#cd9faf,"9 Brockwell Park, Arlingford Road, SW2 2TA",020 8678 6530,,Better%20Start%20BRIXTON_Tulse%20Hill%20Spring%202025
Brixton Stockwell Virtual,#ced4d5,online or by phone,,,Better%20Start%20BRIXTON_STOCKWELL%20Spring%202025
Jessop Children’s Centre,#aae3ff,"9 Lowden Road, SE24 OBJ",020 7737 5164,or 07920 157 180,Better%20Start%20BRIXTON_STOCKWELL%20Spring%202025
Liz Atkinson Children’s Centre,#b5b1f5,"9 9 Mostyn Road, SW9 6PH",020 4530 5735,or 07572 156 582,Better%20Start%20BRIXTON_STOCKWELL%20Spring%202025
Stockwell Children’s Centre,#cd9faf,"9 Burgoyne Road, SW9 9QU",020 7326 7328,or 07398 131 353,Better%20Start%20BRIXTON_STOCKWELL%20Spring%202025
Mulberry Centre One O’clock Club,#efdab4,"9 12 Calais St, SE5 9LP",020 7737 6097,,Better%20Start%20BRIXTON_STOCKWELL%20Spring%202025
Slade Gardens Stay and Play One O’clock Club,#efdab4,"9 Stockwell Park Road, SWw9 ODB",020 7733 3630,,Better%20Start%20BRIXTON_STOCKWELL%20Spring%202025
Larkhall Park Stay and Play One O’clock Club,#efdab4,"9 Larkhall Park, SW8 2PD",,,Better%20Start%20BRIXTON_STOCKWELL%20Spring%202025
Akerman Health Centre,#cac87b,"9 60 Patmos Road, SW9 6AF",020 3049 6500,,Better%20Start%20BRIXTON_STOCKWELL%20Spring%202025
Carnegie Library,#abd8c1,9 192 Herne Hill Road SE24 OAG,020 7926 6050,,Better%20Start%20BRIXTON_STOCKWELL%20Spring%202025
Brixton Library,#abd8c1,9 Brixton Rd SW2 1JQ,020 7926 1058,,Better%20Start%20BRIXTON_STOCKWELL%20Spring%202025
Virtual Session,#ced4d5,online or by phone,,Clapham and Brixton Hill,Better%20Start%20CLAPHAM_BRIXTON_HILL%20Spring%202025
Tree House Children’s Centre,#aae3ff,"9 66 Upper Tulse Hill, SW2 2RW.",020 8674 6060,,Better%20Start%20CLAPHAM_BRIXTON_HILL%20Spring%202025
Clapham Manor at Triangle,#abd8c1,"9 Triangle Nursery school, 25 William Bonney Estate Clapham Crescent SW4 7JQ",020 7622 1393,,Better%20Start%20CLAPHAM_BRIXTON_HILL%20Spring%202025
Maytree Children’s Centre,#cd9faf,"9 4 Allingham Road, SW4 8EG",020 8671 3298,,Better%20Start%20CLAPHAM_BRIXTON_HILL%20Spring%202025
Agnes Riley One O’clock Club,#efdab4,"9 Atkins Road, SW12 0AH",020 8671 3298,,Better%20Start%20CLAPHAM_BRIXTON_HILL%20Spring%202025
The Spinney One O’clock Club,#efdab4,"9 Windmill Drive, Clapham Common, SW4 9DE",020 7627 9917,,Better%20Start%20CLAPHAM_BRIXTON_HILL%20Spring%202025
Clapham Manor Health Centre,#cac87b,"9 86 Clapham Manor St, SW4 6EB",020 7411 6866,,Better%20Start%20CLAPHAM_BRIXTON_HILL%20Spring%202025
Clapham Family Practice,#cac87b,"9 Mary Seacole Centre 89 Clapham High St, SW4 7DB",020 3049 6600,,Better%20Start%20CLAPHAM_BRIXTON_HILL%20Spring%202025
Clapham Library,#c8c6f8,"9 Mary Seacole Centre, 91 Clapham High St, SW4 7DB",020 7926 0717,,Better%20Start%20CLAPHAM_BRIXTON_HILL%20Spring%202025
Brixton Library,#c8c6f8,9 Brixton Road SW2 1JQ,020 7926 1058,,Better%20Start%20CLAPHAM_BRIXTON_HILL%20Spring%202025
North Lambeth cluster,#ced4d5,,,Virtual Session — online or by phone,Better%20Start%20NORTH_LAMBETH%20Spring%202025
Ethelred Children’s Centre,#aae3ff,"9 Gundulf St, SE11 6BG",020 7582 9711 Option 2,,Better%20Start%20NORTH_LAMBETH%20Spring%202025
Henry Fawcett Children’s Centre,#b5b1f5,"9 Clayton St, SE11 5BZ",020 7091 1282,,Better%20Start%20NORTH_LAMBETH%20Spring%202025
St Stephen’s Children’s Centre,#cd9faf,"9 Meadow Place, SW8 1XY",020 7735 1540,,Better%20Start%20NORTH_LAMBETH%20Spring%202025
Mawbey Brough Health Centre,#cac87b,"9 39 Wilcox Close, SW8 2UD",020 7411 5720,,Better%20Start%20NORTH_LAMBETH%20Spring%202025
Durning Library,#abd8c1,9 167 Kennington Lane SE11 4HF,020 7926 8682,,Better%20Start%20NORTH_LAMBETH%20Spring%202025
South Lambeth Library,#abd8c1,"9 180 South Lambeth Road, SW8 1QP",020 7926 0710,,Better%20Start%20NORTH_LAMBETH%20Spring%202025
Norwood Virtual Session,#c4cbcc,online or by phone,,,Better%20Start%20NORWOOD%20Spring%202025
Benton’s Lane Children’s Centre,#aae3ff,"9 18 Bentons Lane, SE27 9UD",020 4542 3520,,Better%20Start%20NORWOOD%20Spring%202025
Crown Lane Children’s Centre,#b5b1f5,"9 Crown Lane, SW16 3HX",020 8761 7139,,Better%20Start%20NORWOOD%20Spring%202025
Rosendale Children’s Centre,#cd9faf,"9 Rosendale Road, SE21 8LR",020 4542 3520,,Better%20Start%20NORWOOD%20Spring%202025
Family Hub Network,#52b27a,,,Start for Life offer,Better%20Start%20NORWOOD%20Spring%202025
Streatham Virtual Session,#ced4d5,online or by phone,,,Better%20Start%20STREATHAM%20Spring%202025
Hitherfield Children’s Centre,#aae3ff,"9 Hitherfield Rd,SW16 2LW",020 8835 9569,,Better%20Start%20STREATHAM%20Spring%202025
Streatham Hub Children’s Centre,#b5b1f5,"9 388 Streatham High Road,SW16 6HX",020 4548 2561,,Better%20Start%20STREATHAM%20Spring%202025
Sunnyhill Children’s Centre,#cd9faf,"9 Harborough Road,SW16 2XW",020 4548 2561,,Better%20Start%20STREATHAM%20Spring%202025
Hillside Gardens One O’clock Club,#efdab4,"9 Hillside Road,SW2 3HL",020 8835 9569,,Better%20Start%20STREATHAM%20Spring%202025
Streatham Youth and Community Trust,#cac87b,"9 The Hut, Abercairn Rd,SW16 5AL",020 3146 4179,,Better%20Start%20STREATHAM%20Spring%202025
Gracefield Gardens Health Centre,#abd8c1,"9 2-8 Gracefield Gardens,SW16 2ST",020 3049 5030,,Better%20Start%20STREATHAM%20Spring%202025
